{"RL-211.jpg": [], "RL-303.jpg": [], "RL-111.jpg": [], "RL-067.jpg": [[177, 616, 185.0, 623.0, 0.9241927758360236], [213, 527, 221.0, 534.0, 0.9202730535903245], [238, 384, 246.0, 391.0, 0.923197511671954]], "RL-061.jpg": [], "RL-106.jpg": [], "RL-307.jpg": [], "RL-033.jpg": [[230, 310, 238.0, 317.0, 0.9289788271783112]], "RL-219.jpg": [], "RL-084.jpg": [], "RL-069.jpg": [[238, 211, 246.0, 218.0, 0.9231546594864326]], "RL-282.jpg": [], "RL-192.jpg": [[184, 225, 192.0, 232.0, 0.9537227060468527], [187, 374, 195.0, 381.0, 0.9358407721164372]], "RL-221.jpg": [], "RL-318.jpg": [[207, 251, 215.0, 258.0, 0.9302972934306188]], "RL-171.jpg": [[4, 163, 12.0, 170.0, 0.9211826507212071], [5, 203, 13.0, 210.0, 0.9230336901779603], [21, 185, 29.0, 192.0, 0.9296574708698093], [22, 177, 30.0, 184.0, 0.9201414856781284], [58, 26, 66.0, 33.0, 0.933676396881752], [59, 477, 67.0, 484.0, 0.9235895480439198], [65, 48, 73.0, 55.0, 0.935518241718149], [76, 92, 84.0, 99.0, 0.9219990519448534], [94, 477, 102.0, 484.0, 0.9364497597218031], [108, 380, 116.0, 387.0, 0.927245450428472], [115, 522, 123.0, 529.0, 0.9221424999573606], [124, 240, 132.0, 247.0, 0.929360217923004], [215, 173, 223.0, 180.0, 0.920445995320394], [233, 125, 241.0, 132.0, 0.9210197057733321]], "RL-024.jpg": [[215, 555, 223.0, 562.0, 0.9201345804273601], [235, 387, 243.0, 394.0, 0.9214935109669634]], "RL-071.jpg": [], "RL-073.jpg": [], "RL-254.jpg": [], "RL-252.jpg": [[213, 240, 221.0, 247.0, 0.9211509219019905], [222, 316, 230.0, 323.0, 0.9321008828567396], [238, 332, 246.0, 339.0, 0.9201415653841677]], "RL-017.jpg": [[180, 347, 188.0, 354.0, 0.9534229597519245], [211, 403, 219.0, 410.0, 0.9425448567727369], [211, 600, 219.0, 607.0, 0.9273588580607186], [230, 290, 238.0, 297.0, 0.9281788102943269], [232, 349, 240.0, 356.0, 0.9306529150724401]], "RL-209.jpg": [], "RL-078.jpg": [[229, 251, 249.0, 271.0, 0.9206314647596308]], "RL-089.jpg": [], "RL-174.jpg": [[210, 304, 218.0, 311.0, 0.9238790164758747], [232, 219, 240.0, 226.0, 0.937493687768778]], "RL-065.jpg": [], "RL-207.jpg": [[222, 203, 230.0, 210.0, 0.9286408735269839], [226, 307, 234.0, 314.0, 0.9252313177452697]], "RL-175.jpg": [[85, 90, 93.0, 97.0, 0.9278324493598097]], "RL-220.jpg": [], "RL-131.jpg": [], "RL-328.jpg": [], "RL-062.jpg": [], "RL-304.jpg": [], "RL-019.jpg": [[233, 366, 241.0, 373.0, 0.9309116427775997]], "RL-259.jpg": [[219, 272, 227.0, 279.0, 0.9232888469499221]], "RL-027.jpg": [[168, 350, 176.0, 357.0, 0.9248388579771033], [206, 130, 214.0, 137.0, 0.9206257729460818], [217, 423, 225.0, 430.0, 0.9326504988905729]], "RL-214.jpg": [[151, 358, 159.0, 365.0, 0.9487477230694036], [188, 217, 196.0, 224.0, 0.9499019098668452], [195, 435, 203.0, 442.0, 0.9464161338112982]], "RL-290.jpg": [], "RL-035.jpg": [[173, 562, 181.0, 569.0, 0.9223868826541306]], "RL-117.jpg": [[202, 317, 210.0, 324.0, 0.9233418286426578]], "RL-281.jpg": [], "RL-313.jpg": [], "RL-244.jpg": [[1, 314, 9.0, 321.0, 0.9278705792753672], [17, 506, 25.0, 513.0, 0.9230892587635027], [19, 517, 27.0, 524.0, 0.944363417418695], [24, 485, 32.0, 492.0, 0.9444006831405007], [33, 445, 41.0, 452.0, 0.9320040183775767], [38, 279, 46.0, 286.0, 0.9224579683185914], [62, 412, 70.0, 419.0, 0.9418894856070735], [81, 367, 89.0, 374.0, 0.9468187363362212], [88, 477, 96.0, 484.0, 0.9422493136722734], [89, 476, 97.0, 483.0, 0.9258858511844369], [105, 463, 113.0, 470.0, 0.9228720750036701], [111, 381, 119.0, 388.0, 0.9269405901429264], [115, 459, 123.0, 466.0, 0.9333111352158031], [126, 443, 134.0, 450.0, 0.9272809636083489], [132, 257, 140.0, 264.0, 0.9214589275110725]], "RL-155.jpg": [], "RL-114.jpg": [], "RL-181.jpg": [], "RL-002.jpg": [[176, 323, 184.0, 330.0, 0.9271144024372432], [218, 48, 226.0, 55.0, 0.9229872535326016], [224, 402, 232.0, 409.0, 0.9371422645183514]], "RL-185.jpg": [[174, 573, 182.0, 580.0, 0.9210789861293585], [206, 488, 214.0, 495.0, 0.9252435138404411]], "RL-264.jpg": [[153, 305, 161.0, 312.0, 0.9214854525847509], [204, 385, 212.0, 392.0, 0.9386346981843134], [205, 384, 213.0, 391.0, 0.9209913746330395], [222, 42, 230.0, 49.0, 0.9212271321221371]]}