{"RL-046.jpg": [], "RL-034.jpg": [[218, 321, 226.0, 328.0, 0.9717179935028356]], "RL-263.jpg": [], "RL-196.jpg": [[185, 269, 193.0, 276.0, 0.9308108124671384], [189, 324, 197.0, 331.0, 0.9343527368284152], [218, 97, 226.0, 104.0, 0.9377988899210351], [232, 405, 240.0, 412.0, 0.9565920439621258]], "RL-288.jpg": [], "RL-280.jpg": [], "RL-291.jpg": [], "RL-162.jpg": [[189, 10, 197.0, 17.0, 0.9215593578117589]], "RL-312.jpg": [], "RL-052.jpg": [[201, 561, 209.0, 568.0, 0.922024185620168], [233, 467, 241.0, 474.0, 0.9207825431119374], [233, 539, 241.0, 546.0, 0.9219795748355615], [237, 383, 245.0, 390.0, 0.9472894881469973], [237, 607, 245.0, 614.0, 0.9220578079040611]], "RL-276.jpg": [], "RL-124.jpg": [[212, 509, 220.0, 516.0, 0.9248368810606369], [213, 501, 221.0, 508.0, 0.9204404450029071], [224, 178, 232.0, 185.0, 0.9233322109678533], [226, 110, 234.0, 117.0, 0.9201043483674698], [228, 154, 236.0, 161.0, 0.9251036031609998], [229, 145, 237.0, 152.0, 0.9259221203237322], [229, 153, 237.0, 160.0, 0.93694795948013]], "RL-299.jpg": [], "RL-180.jpg": [[239, 183, 247.0, 190.0, 0.9329841856081851]], "RL-172.jpg": [[85, 224, 93.0, 231.0, 0.9215260209871294], [126, 290, 134.0, 297.0, 0.9238903433253017], [216, 471, 224.0, 478.0, 0.9320879951398602]], "RL-334.jpg": [], "RL-092.jpg": [[152, 304, 160.0, 311.0, 0.9277798498974903], [153, 303, 161.0, 310.0, 0.9277804075575227], [187, 213, 195.0, 220.0, 0.923464733544448], [193, 371, 201.0, 378.0, 0.935398985953831]], "RL-050.jpg": [], "RL-122.jpg": [[143, 222, 151.0, 229.0, 0.9220019080999116], [211, 498, 219.0, 505.0, 0.9206965285999757], [212, 435, 220.0, 442.0, 0.9237710206699393], [226, 291, 234.0, 298.0, 0.9320007580494979], [228, 258, 236.0, 265.0, 0.9304684855506778], [229, 266, 237.0, 273.0, 0.9233937357480495], [229, 278, 237.0, 285.0, 0.927337298440976], [233, 215, 241.0, 222.0, 0.9280292495437333]], "RL-260.jpg": [[223, 266, 231.0, 273.0, 0.9587256071377047]], "RL-189.jpg": [], "RL-293.jpg": [], "RL-140.jpg": [], "RL-113.jpg": [], "RL-210.jpg": [[98, 573, 106.0, 580.0, 0.9211520394202262], [182, 617, 190.0, 624.0, 0.921906469118082], [207, 515, 215.0, 522.0, 0.9246682560887678]], "RL-169.jpg": [[191, 67, 199.0, 74.0, 0.920702667072969], [192, 58, 200.0, 65.0, 0.9219786578006895], [210, 566, 218.0, 573.0, 0.9239896017996282], [217, 375, 225.0, 382.0, 0.9314631834187821], [234, 285, 242.0, 292.0, 0.9347925723464675], [235, 279, 243.0, 286.0, 0.9237598736914168]], "RL-003.jpg": [[199, 282, 207.0, 289.0, 0.9590569047132744], [202, 335, 210.0, 342.0, 0.9563471003148961], [232, 122, 240.0, 129.0, 0.9507158158493735]], "RL-049.jpg": [], "RL-120.jpg": [], "RL-250.jpg": [], "RL-228.jpg": [[147, 348, 155.0, 355.0, 0.9254618091866109], [194, 80, 202.0, 87.0, 0.934108895283028]], "RL-100.jpg": [], "RL-278.jpg": [], "RL-148.jpg": [[222, 166, 230.0, 173.0, 0.92154200322492], [228, 121, 236.0, 128.0, 0.9235770971568829]], "RL-222.jpg": [], "RL-047.jpg": [[227, 317, 247.0, 337.0, 0.9206169523838942]], "RL-039.jpg": [[188, 494, 196.0, 501.0, 0.9276539925631054], [210, 340, 218.0, 347.0, 0.9226542512545329]], "RL-284.jpg": [], "RL-028.jpg": [], "RL-088.jpg": [], "RL-119.jpg": [], "RL-009.jpg": [], "RL-305.jpg": [], "RL-063.jpg": [[232, 599, 240.0, 606.0, 0.9204861275331366]], "RL-271.jpg": [[206, 345, 214.0, 352.0, 0.9219005824800183]], "RL-163.jpg": [], "RL-038.jpg": [[168, 317, 176.0, 324.0, 0.948711218464048], [202, 372, 210.0, 379.0, 0.9224029255956792]], "RL-056.jpg": [], "RL-212.jpg": [[203, 237, 211.0, 244.0, 0.9200183880785938], [204, 388, 212.0, 395.0, 0.9282722726879714]], "RL-227.jpg": [], "RL-091.jpg": [], "RL-121.jpg": [], "RL-233.jpg": [], "RL-177.jpg": [[209, 377, 217.0, 384.0, 0.9426690488056076], [211, 414, 219.0, 421.0, 0.9279489033389217], [218, 37, 226.0, 44.0, 0.920119456270872]], "RL-141.jpg": [], "RL-218.jpg": [], "RL-112.jpg": [], "RL-326.jpg": [], "RL-080.jpg": [], "RL-186.jpg": [], "RL-242.jpg": [[137, 395, 145.0, 402.0, 0.9253392509545953], [146, 378, 154.0, 385.0, 0.9308710471223305]], "RL-013.jpg": [[202, 526, 210.0, 533.0, 0.9393718867775936]], "RL-115.jpg": [], "RL-183.jpg": [], "RL-094.jpg": [[158, 336, 166.0, 343.0, 0.9468868661909504], [196, 229, 204.0, 236.0, 0.9533355276476435], [196, 414, 204.0, 421.0, 0.9446475040455967], [223, 222, 231.0, 229.0, 0.9297623122213139]], "RL-007.jpg": [[187, 140, 195.0, 147.0, 0.9200461204942261], [237, 526, 245.0, 533.0, 0.9227609830506426], [0, 379, 20.0, 399.0, 0.9361566151390956]], "RL-064.jpg": [], "RL-127.jpg": [[215, 272, 223.0, 279.0, 0.9255118280663569], [218, 317, 226.0, 324.0, 0.9256803310950493]], "RL-044.jpg": [], "RL-182.jpg": [], "RL-188.jpg": [], "RL-136.jpg": [[168, 334, 176.0, 341.0, 0.9384638497156969], [202, 192, 210.0, 199.0, 0.9417996417207797], [206, 401, 214.0, 408.0, 0.9296783963633718]], "RL-246.jpg": [[10, 90, 18.0, 97.0, 0.9329386612150836], [21, 132, 29.0, 139.0, 0.939885307043813], [26, 143, 34.0, 150.0, 0.9217463727356158], [30, 103, 38.0, 110.0, 0.9310865536299934], [39, 256, 47.0, 263.0, 0.9283830479193712], [61, 142, 69.0, 149.0, 0.925833482154102], [67, 66, 75.0, 73.0, 0.931677438667432], [90, 77, 98.0, 84.0, 0.932799377459364], [98, 129, 106.0, 136.0, 0.9337760901399653], [123, 363, 131.0, 370.0, 0.9211935569403169], [129, 155, 137.0, 162.0, 0.9219413293573286], [151, 304, 159.0, 311.0, 0.9276727509351059], [159, 16, 167.0, 23.0, 0.9216030647366048], [161, 83, 169.0, 90.0, 0.9259069828113402], [234, 213, 242.0, 220.0, 0.9228465163916008]], "RL-247.jpg": [], "RL-101.jpg": [[42, 8, 50.0, 15.0, 0.9221857407707706], [196, 348, 204.0, 355.0, 0.9257428787977698], [200, 558, 208.0, 565.0, 0.9248030297210421], [207, 555, 215.0, 562.0, 0.9220866949749653]], "RL-153.jpg": [], "RL-159.jpg": [], "RL-240.jpg": [[154, 104, 162.0, 111.0, 0.9207039535372251], [175, 536, 183.0, 543.0, 0.921309005381146]], "RL-243.jpg": [[231, 360, 239.0, 367.0, 0.9282103554330491]], "RL-333.jpg": [], "RL-232.jpg": [], "RL-237.jpg": [], "RL-320.jpg": [[1, 281, 9.0, 288.0, 0.9204120683131565], [4, 300, 12.0, 307.0, 0.9271108945191178]], "RL-097.jpg": [[87, 258, 95.0, 265.0, 0.920315552730273], [141, 68, 149.0, 75.0, 0.9298603780251607], [178, 556, 186.0, 563.0, 0.9287589806035569]], "RL-023.jpg": [], "RL-249.jpg": [[229, 338, 237.0, 345.0, 0.9254121941157953]], "RL-194.jpg": [], "RL-248.jpg": [[118, 231, 126.0, 238.0, 0.9281460648878234], [176, 244, 184.0, 251.0, 0.9230082499899087], [207, 283, 215.0, 290.0, 0.9241669077107084]], "RL-068.jpg": [], "RL-016.jpg": [], "RL-085.jpg": [], "RL-311.jpg": [], "RL-285.jpg": [[233, 255, 241.0, 262.0, 0.9230329406016673]], "RL-161.jpg": [], "RL-001.jpg": [[152, 150, 160.0, 157.0, 0.9278961306042279], [154, 316, 162.0, 323.0, 1.0], [192, 420, 200.0, 427.0, 0.9455659315524297], [203, 585, 211.0, 592.0, 0.9242980370545957], [206, 324, 214.0, 331.0, 0.928135020888237], [207, 576, 215.0, 583.0, 0.9235309092963513], [213, 545, 221.0, 552.0, 0.921599533228875], [214, 539, 222.0, 546.0, 0.9217022204996153], [217, 431, 225.0, 438.0, 0.9303817585413168]], "RL-102.jpg": [[63, 299, 71.0, 306.0, 0.9207116625878352], [66, 612, 74.0, 619.0, 0.927277972047167], [71, 462, 79.0, 469.0, 0.9216573219749459], [79, 487, 87.0, 494.0, 0.938560101256635]], "RL-090.jpg": [[217, 230, 225.0, 237.0, 0.9217637041995014]], "RL-025.jpg": [[151, 326, 159.0, 333.0, 0.9325148787121651], [178, 245, 186.0, 252.0, 0.9478478678194306], [182, 383, 190.0, 390.0, 0.9487008189064431]], "RL-129.jpg": [[199, 417, 207.0, 424.0, 0.9533710359652094], [218, 419, 226.0, 426.0, 0.9266987318620491], [220, 21, 228.0, 28.0, 0.9228812110726042], [233, 96, 241.0, 103.0, 0.9227188442107873], [235, 118, 243.0, 125.0, 0.9300010479596222]], "RL-132.jpg": [], "RL-083.jpg": [], "RL-230.jpg": [], "RL-257.jpg": [[224, 331, 232.0, 338.0, 0.9345830526319079]], "RL-325.jpg": [], "RL-319.jpg": [], "RL-296.jpg": [], "RL-287.jpg": [[211, 309, 219.0, 316.0, 0.9218959459691868], [212, 308, 220.0, 315.0, 0.9416775824821927]], "RL-143.jpg": [],