{"RL-114.jpg": [], "RL-219.jpg": [[264, 229, 272.0, 236.0, 0.9268489242857108]], "RL-214.jpg": [[151, 358, 159.0, 365.0, 0.9487477230694036], [188, 217, 196.0, 224.0, 0.9499019098668452], [195, 435, 203.0, 442.0, 0.9464161338112982], [455, 218, 463.0, 225.0, 0.9211306241284698]], "RL-071.jpg": [], "RL-017.jpg": [[180, 347, 188.0, 354.0, 0.9534229597519245], [211, 403, 219.0, 410.0, 0.9425448567727369], [211, 600, 219.0, 607.0, 0.9273588580607186], [230, 290, 238.0, 297.0, 0.9281788102943269], [232, 349, 240.0, 356.0, 0.9306529150724401], [249, 204, 257.0, 211.0, 0.9514425338336213], [250, 245, 258.0, 252.0, 0.9297601713584341], [289, 78, 297.0, 85.0, 0.921279596667347], [380, 247, 388.0, 254.0, 0.923569581218201], [391, 311, 399.0, 318.0, 0.9269078028976259], [393, 293, 401.0, 300.0, 0.9389477903226988], [419, 291, 427.0, 298.0, 0.9213538260233607]], "RL-209.jpg": [], "RL-078.jpg": [[367, 271, 375.0, 278.0, 0.9289589388797319], [368, 300, 376.0, 307.0, 0.9366436393004837], [376, 83, 384.0, 90.0, 0.9208016418936762]], "RL-024.jpg": [[215, 555, 223.0, 562.0, 0.9201345804273601], [235, 387, 243.0, 394.0, 0.9214935109669634], [272, 298, 280.0, 305.0, 0.923490540660148], [275, 373, 283.0, 380.0, 0.9396499637876199], [426, 137, 434.0, 144.0, 0.9230044253780239], [428, 562, 436.0, 569.0, 0.92781577206009]], "RL-220.jpg": [], "RL-131.jpg": [[241, 360, 249.0, 367.0, 0.9231513955463164], [254, 295, 262.0, 302.0, 0.9279536543212685]], "RL-067.jpg": [[177, 616, 185.0, 623.0, 0.9241927758360236], [213, 527, 221.0, 534.0, 0.9202730535903245], [238, 384, 246.0, 391.0, 0.923197511671954], [404, 340, 412.0, 347.0, 0.9206914101833585]], "RL-281.jpg": [], "RL-264.jpg": [[153, 305, 161.0, 312.0, 0.9214854525847509], [204, 385, 212.0, 392.0, 0.9386346981843134], [205, 384, 213.0, 391.0, 0.9209913746330395], [222, 42, 230.0, 49.0, 0.9212271321221371]], "RL-089.jpg": [[252, 335, 260.0, 342.0, 0.9267307403139073]], "RL-174.jpg": [[210, 304, 218.0, 311.0, 0.9238790164758747], [232, 219, 240.0, 226.0, 0.937493687768778], [248, 567, 256.0, 574.0, 0.9243027945330361]], "RL-061.jpg": [[240, 371, 248.0, 378.0, 0.9217729777436293]], "RL-252.jpg": [[213, 240, 221.0, 247.0, 0.9211509219019905], [222, 316, 230.0, 323.0, 0.9321008828567396], [238, 332, 246.0, 339.0, 0.9201415653841677]], "RL-033.jpg": [[230, 310, 238.0, 317.0, 0.9289788271783112], [273, 385, 281.0, 392.0, 0.9352980106489011]], "RL-073.jpg": [], "RL-313.jpg": [], "RL-192.jpg": [[184, 225, 192.0, 232.0, 0.9537227060468527], [187, 374, 195.0, 381.0, 0.9358407721164372], [377, 304, 385.0, 311.0, 0.9238079196288592], [381, 286, 389.0, 293.0, 0.9348834291887232], [386, 344, 394.0, 351.0, 0.9208673923387934], [397, 128, 405.0, 135.0, 0.9203422280500343]], "RL-328.jpg": [], "RL-069.jpg": [[238, 211, 246.0, 218.0, 0.9231546594864326], [241, 197, 249.0, 204.0, 0.9268313005812716], [262, 331, 270.0, 338.0, 0.9210793295426377]], "RL-117.jpg": [[202, 317, 210.0, 324.0, 0.9233418286426578]], "RL-221.jpg": [], "RL-259.jpg": [[219, 272, 227.0, 279.0, 0.9232888469499221], [256, 377, 264.0, 384.0, 0.9279841520961817], [303, 320, 311.0, 327.0, 0.9207356099998927], [304, 330, 312.0, 337.0, 0.9216248776727151], [304, 414, 312.0, 421.0, 0.9238123114472526], [305, 406, 313.0, 413.0, 0.9204397430800432], [308, 151, 316.0, 158.0, 0.9206114793185992], [334, 157, 342.0, 164.0, 0.9280664802619409], [456, 297, 464.0, 304.0, 0.9222042024208311]], "RL-254.jpg": [], "RL-304.jpg": [], "RL-062.jpg": [], "RL-244.jpg": [[1, 314, 9.0, 321.0, 0.9278705792753672], [17, 506, 25.0, 513.0, 0.9230892587635027], [19, 517, 27.0, 524.0, 0.944363417418695], [24, 485, 32.0, 492.0, 0.9444006831405007], [33, 445, 41.0, 452.0, 0.9320040183775767], [38, 279, 46.0, 286.0, 0.9224579683185914], [62, 412, 70.0, 419.0, 0.9418894856070735], [81, 367, 89.0, 374.0, 0.9468187363362212], [88, 477, 96.0, 484.0, 0.9422493136722734], [89, 476, 97.0, 483.0, 0.9258858511844369], [105, 463, 113.0, 470.0, 0.9228720750036701], [111, 381, 119.0, 388.0, 0.9269405901429264], [115, 459, 123.0, 466.0, 0.9333111352158031], [126, 443, 134.0, 450.0, 0.9272809636083489], [132, 257, 140.0, 264.0, 0.9214589275110725], [247, 382, 255.0, 389.0, 0.9247050462352131], [260, 468, 268.0, 475.0, 0.9283186687525368], [274, 264, 282.0, 271.0, 0.9285340600454812], [281, 211, 289.0, 218.0, 0.924702902949704], [285, 197, 293.0, 204.0, 0.9202284680189908], [287, 177, 295.0, 184.0, 0.9239201316404599], [291, 485, 299.0, 492.0, 0.9288641247884117]], "RL-035.jpg": [[173, 562, 181.0, 569.0, 0.9223868826541306]], "RL-207.jpg": [[222, 203, 230.0, 210.0, 0.9286408735269839], [226, 307, 234.0, 314.0, 0.9252313177452697], [429, 468, 437.0, 475.0, 0.9272479835129245], [456, 388, 464.0, 395.0, 0.959610906639773]], "RL-175.jpg": [[85, 90, 93.0, 97.0, 0.9278324493598097], [266, 324, 274.0, 331.0, 0.9302933341646606], [267, 356, 275.0, 363.0, 0.9451037198443176]], "RL-318.jpg": [[207, 251, 215.0, 258.0, 0.9302972934306188], [246, 89, 254.0, 96.0, 0.9398126689702204], [251, 375, 259.0, 382.0, 0.9210031231516805]], "RL-111.jpg": [], "RL-027.jpg": [[168, 350, 176.0, 357.0, 0.9248388579771033], [206, 130, 214.0, 137.0, 0.9206257729460818], [217, 423, 225.0, 430.0, 0.9326504988905729]], "RL-155.jpg": [[289, 348, 297.0, 355.0, 0.9400201602150884], [324, 208, 332.0, 215.0, 0.960758221091452], [325, 207, 333.0, 214.0, 0.9218449525757243], [329, 448, 337.0, 455.0, 0.9339026504431542], [332, 426, 340.0, 433.0, 0.9435387236469438]], "RL-185.jpg": [[174, 573, 182.0, 580.0, 0.9210789861293585], [206, 488, 214.0, 495.0, 0.9252435138404411], [271, 57, 279.0, 64.0, 0.9289069301261071], [279, 26, 287.0, 33.0, 0.9210427636210972], [418, 79, 426.0, 86.0, 0.9233531529206253], [431, 581, 439.0, 588.0, 0.9255850255520679], [449, 422, 457.0, 429.0, 0.9326403351794759], [451, 341, 459.0, 348.0, 0.9405476735232158]], "RL-307.jpg": [], "RL-106.jpg": [[334, 258, 342.0, 265.0, 0.9254829071647755], [367, 377, 375.0, 384.0, 0.9297497480944958], [368, 335, 376.0, 342.0, 0.921169282330416], [368, 376, 376.0, 383.0, 0.9216442655995596]], "RL-290.jpg": [], "RL-282.jpg": [[437, 279, 445.0, 286.0, 0.9322719878237958]], "RL-065.jpg": [[299, 379, 307.0, 386.0, 0.9217196844900115], [300, 378, 308.0, 385.0, 0.9259228244925136]], "RL-084.jpg": [], "RL-303.jpg": [], "RL-181.jpg": [], "RL-211.jpg": [], "RL-171.jpg": [[4, 163, 12.0, 170.0, 0.9211826507212071], [5, 203, 13.0, 210.0, 0.9230336901779603], [21, 185, 29.0, 192.0, 0.9296574708698093], [22, 177, 30.0, 184.0, 0.9201414856781284], [58, 26, 66.0, 33.0, 0.933676396881752], [59, 477, 67.0, 484.0, 0.9235895480439198], [65, 48, 73.0, 55.0, 0.935518241718149], [76, 92, 84.0, 99.0, 0.9219990519448534], [94, 477, 102.0, 484.0, 0.9364497597218031], [108, 380, 116.0, 387.0, 0.927245450428472], [115, 522, 123.0, 529.0, 0.9221424999573606], [124, 240, 132.0, 247.0, 0.929360217923004], [215, 173, 223.0, 180.0, 0.920445995320394], [233, 125, 241.0, 132.0, 0.9210197057733321], [257, 60, 265.0, 67.0, 0.9254656521037199], [257, 138, 265.0, 145.0, 0.9292995807437926], [291, 105, 299.0, 112.0, 0.9398059980866932], [388, 158, 396.0, 165.0, 0.9229275705966775], [427, 160, 435.0, 167.0, 0.9274960487583161], [442, 152, 450.0, 159.0, 0.9339839128154634]], "RL-019.jpg": [[233, 366, 241.0, 373.0, 0.9309116427775997]], "RL-002.jpg": [[176, 323, 184.0, 330.0, 0.9271144024372432], [218, 48, 226.0, 55.0, 0.9229872535326016], [224, 402, 232.0, 409.0, 0.9371422645183514], [249, 543, 257.0, 550.0, 0.9268519789280519], [455, 79, 463.0, 86.0, 0.9241688707816764]]}